{
  "project_info": {
    "project_number": "184305798542",
    "project_id": "praktikummobile-7a4d3",
    "storage_bucket": "praktikummobile-7a4d3.appspot.com"
  },
  "client": [
    {
      "client_info": {
        "mobilesdk_app_id": "1:184305798542:android:db355f9a141bf02a4428df",
        "android_client_info": {
          "package_name": "com.example.praktikum_firebase"
        }
      },
      "oauth_client": [
        {
          "client_id": "184305798542-ca5n51tsr7da2f94728a22eck33584lt.apps.googleusercontent.com",
          "client_type": 3
        }
      ],
      "api_key": [
        {
          "current_key": "AIzaSyBtNQZY08jlLBYc50ggZF5xJHNxonRLq6g"
        }
      ],
      "services": {
        "appinvite_service": {
          "other_platform_oauth_client": [
            {
              "client_id": "184305798542-ca5n51tsr7da2f94728a22eck33584lt.apps.googleusercontent.com",
              "client_type": 3
            }
          ]
        }
      }
    }
  ],
  "configuration_version": "1"
}